{"count":1,"self":45.1476192,"total":46.3136066,"children":{"InitializeActuators":{"count":12,"self":0.0034725999999999997,"total":0.0034725999999999997,"children":null},"InitializeSensors":{"count":12,"self":0.0128971,"total":0.0198434,"children":{"CreateObservableSensors":{"count":12,"self":0.0069463,"total":0.0069463,"children":null}}},"AgentSendState":{"count":2049,"self":0.013384499999999999,"total":0.9817979,"children":{"GridSensor.Update":{"count":820,"self":0.5422201,"total":0.5422201,"children":null},"UpdateModelSpacePoses":{"count":410,"self":0.0019860999999999998,"total":0.0019860999999999998,"children":null},"UpdateLocalSpacePoses":{"count":410,"self":0.00049429999999999993,"total":0.00049429999999999993,"children":null},"CollectObservations":{"count":410,"self":0.3645947,"total":0.3645947,"children":null},"WriteActionMask":{"count":410,"self":0.0009923,"total":0.0009923,"children":null},"RequestDecision":{"count":410,"self":0.0123869,"total":0.058125899999999994,"children":{"GridSensor.GetCompressedObservation":{"count":820,"self":0.045738999999999995,"total":0.045738999999999995,"children":null}}}}},"DecideAction":{"count":2049,"self":0.0166381,"total":0.0166381,"children":null},"AgentAct":{"count":2049,"self":0.13133119999999998,"total":0.13133119999999998,"children":null},"GridSensor.Update":{"count":22,"self":0.010919499999999999,"total":0.010919499999999999,"children":null},"UpdateModelSpacePoses":{"count":11,"self":0,"total":0,"children":null},"UpdateLocalSpacePoses":{"count":11,"self":0,"total":0,"children":null},"GridSensor.GetCompressedObservation":{"count":22,"self":0.00099209999999999988,"total":0.00099209999999999988,"children":null}},"gauges":{},"metadata":{"timer_format_version":"0.1.0","start_time_seconds":"1706514857","unity_version":"2022.3.12f1","command_line_arguments":"C:\\Program Files\\Unity\\Hub\\Editor\\2022.3.12f1\\Editor\\Unity.exe -projectpath F:\\unity\\carsim2 -useHub -hubIPC -cloudEnvironment production","communication_protocol_version":"1.5.0","com.unity.ml-agents_version":"3.0.0-exp.1","scene_name":"Main","end_time_seconds":"1706514903"}}