{"count":1,"self":125.2991488,"total":144.1983656,"children":{"InitializeActuators":{"count":90,"self":0.0044631,"total":0.0044631,"children":null},"InitializeSensors":{"count":90,"self":0.0213263,"total":0.0213263,"children":null},"AgentSendState":{"count":6950,"self":0.35457099999999997,"total":18.5072495,"children":{"GridSensor.Update":{"count":10780,"self":17.7412208,"total":17.741221499999998,"children":null},"CollectObservations":{"count":5390,"self":0.0009885,"total":0.0009885,"children":null},"WriteActionMask":{"count":5390,"self":0.0029768,"total":0.0029768,"children":null},"RequestDecision":{"count":5390,"self":0.013508299999999999,"total":0.40749169999999996,"children":{"GridSensor.GetCompressedObservation":{"count":10780,"self":0.38706029999999997,"total":0.38706029999999997,"children":null},"RayPerceptionSensor.Perceive":{"count":5390,"self":0.0069231,"total":0.0069231,"children":null}}}}},"DecideAction":{"count":6950,"self":0.054385499999999996,"total":0.054385499999999996,"children":null},"AgentAct":{"count":6950,"self":0.037541899999999996,"total":0.037541899999999996,"children":null},"GridSensor.Update":{"count":170,"self":0.26630529999999997,"total":0.26630529999999997,"children":null},"GridSensor.GetCompressedObservation":{"count":170,"self":0.0069523,"total":0.0069523,"children":null},"RayPerceptionSensor.Perceive":{"count":85,"self":0.0004941,"total":0.0004941,"children":null}},"gauges":{},"metadata":{"timer_format_version":"0.1.0","start_time_seconds":"1709359861","unity_version":"2022.3.12f1","command_line_arguments":"C:\\Program Files\\Unity\\Hub\\Editor\\2022.3.12f1\\Editor\\Unity.exe -projectpath F:\\unity\\carsim2 -useHub -hubIPC -cloudEnvironment production","communication_protocol_version":"1.5.0","com.unity.ml-agents_version":"3.0.0-exp.1","scene_name":"playground","end_time_seconds":"1709360005"}}