{"count":1,"self":8.6613752,"total":9.3303864,"children":{"InitializeActuators":{"count":5,"self":0.0009924,"total":0.0009924,"children":null},"InitializeSensors":{"count":5,"self":0.0054538999999999994,"total":0.0054538999999999994,"children":null},"AgentSendState":{"count":191,"self":0.0138902,"total":0.65760109999999994,"children":{"GridSensor.Update":{"count":390,"self":0.62734099999999993,"total":0.62734099999999993,"children":null},"CollectObservations":{"count":195,"self":0.0004955,"total":0.0004955,"children":null},"WriteActionMask":{"count":195,"self":0.0009911,"total":0.0009911,"children":null},"RequestDecision":{"count":195,"self":0.0009918,"total":0.014883299999999999,"children":{"GridSensor.GetCompressedObservation":{"count":390,"self":0.0128994,"total":0.0128994,"children":null},"RayPerceptionSensor.Perceive":{"count":195,"self":0.00099209999999999988,"total":0.00099209999999999988,"children":null}}}}},"DecideAction":{"count":191,"self":0.0029779999999999997,"total":0.0029779999999999997,"children":null},"AgentAct":{"count":191,"self":0.0014900999999999998,"total":0.0014900999999999998,"children":null}},"gauges":{},"metadata":{"timer_format_version":"0.1.0","start_time_seconds":"1710421319","unity_version":"2022.3.12f1","command_line_arguments":"C:\\Program Files\\Unity\\Hub\\Editor\\2022.3.12f1\\Editor\\Unity.exe -projectpath F:\\unity\\carsim2 -useHub -hubIPC -cloudEnvironment production","communication_protocol_version":"1.5.0","com.unity.ml-agents_version":"3.0.0-exp.1","scene_name":"scene_straight 1","end_time_seconds":"1710421328"}}